Index,Raw model,Baseline (full),No spatial attn,No attributes,Direct output
SDII (Monthly),25.008733462476076,33.199726292433915,20.093580236502717,27.505686885604746,34.385897294929464
CDD (Yearly),15.762976545963994,14.957203634017965,24.47939936115192,15.96887952236937,18.127670734343383
CWD (Yearly),70.0700258735973,15.155423280423282,27.50498179069608,23.334041950113374,24.393531402459978
Rx1day,73.83706801530397,55.60963076412563,37.61427975138469,50.69598571439971,73.80448591241085
Rx5day,98.47909278900384,43.64557270505056,40.00337084185409,50.61842016298314,59.84644061905019
R10mm,30.384010555097106,12.86916321977722,14.062259897159173,18.099908883955287,11.608564752765817
R20mm,40.7235164850711,24.722148196067366,31.28614262895278,27.26283629071389,21.769354983640696
R95pTOT,71.0785257947606,17.542324728424738,16.910981670340306,24.132532488415723,20.714945262459295
R99pTOT,22.539891478940007,46.824080208388224,51.04344427866984,41.498594669255844,46.4377709724943
Average,43.28724108170667,14.899859644476638,12.088438038681975,18.296078316230876,17.929469325658925
