Index,Raw model,Baseline (full),No spatial attn,No spatial-corr loss
SDII (Monthly),14.042716058221298,19.73524088550001,33.71047344671794,21.466757031917048
CDD (Yearly),8.919424113097055,10.353613066392041,12.942407644695404,11.843179588961153
CWD (Yearly),33.41840659340659,33.04508177008177,34.46440596440597,24.89140211640212
Rx1day,48.108712901137864,45.13678301519412,55.75515597493432,30.911276533134554
Rx5day,42.3023543864794,28.873464220291403,34.341632842588425,30.260325573713686
R10mm,14.480679822905662,23.479830466555136,39.527083008603455,23.14737200487613
R20mm,33.83430371753386,56.095722876244814,67.73266880178645,48.70437141977389
R95pTOT,67.73692853140045,45.181234979507806,57.23617763741176,41.083954088827745
R99pTOT,23.322626428625988,34.178819938467534,32.77031755629173,29.587333152461063
Average,28.049162734062726,28.829391177777374,33.40004476178366,27.146956129832038
